model,RMSE_test,MAE_test,R2_test
LinearRegression_default,0.9715182250564084,0.7069622562232691,0.09145283810382387
Ridge_alpha_3.728,0.9715288154847478,0.7069563864820769,0.09143303002239722
